case_id,n_boxes,dice,iou,runtime_s
benign_benign_1,1,0.274431,0.159038,0.006725
benign_benign_10,1,0.066792,0.034550,0.036149
benign_benign_100,2,0.362858,0.221641,0.017081
benign_benign_101,1,0.474443,0.310997,0.007376
benign_benign_102,1,0.475974,0.312314,0.031568
benign_benign_103,1,0.213654,0.119604,0.100545
benign_benign_104,1,0.538344,0.368311,0.006965
benign_benign_105,1,0.348093,0.210722,0.011385
benign_benign_106,1,0.409910,0.257791,0.016616
benign_benign_107,1,0.501528,0.334693,0.010744
benign_benign_108,1,0.794247,0.658715,0.022955
benign_benign_109,1,0.304389,0.179516,0.050785
benign_benign_11,1,0.163873,0.089249,0.005310
benign_benign_110,1,0.389305,0.241700,0.063368
benign_benign_111,1,0.540499,0.370331,0.005253
benign_benign_112,1,0.344104,0.207805,0.007986
benign_benign_113,1,0.396699,0.247426,0.039963
benign_benign_114,1,0.635958,0.466231,0.032958
benign_benign_115,1,0.416114,0.262717,0.006884
benign_benign_116,1,0.414867,0.261724,0.007590
benign_benign_117,1,0.355609,0.216256,0.021833
benign_benign_118,1,0.571052,0.399631,0.010156
benign_benign_119,1,0.584641,0.413069,0.008825
benign_benign_12,1,0.518615,0.350088,0.006655
benign_benign_120,1,0.405154,0.254039,0.005384
benign_benign_121,1,0.481029,0.316681,0.120433
benign_benign_122,1,0.355260,0.215998,0.023607
benign_benign_123,1,0.585701,0.414129,0.045747
benign_benign_124,1,0.553588,0.382732,0.011053
benign_benign_125,1,0.401169,0.250914,0.010345
benign_benign_126,1,0.486780,0.321684,0.010042
benign_benign_127,1,0.364184,0.222631,0.005890
benign_benign_128,1,0.356101,0.216620,0.005866
benign_benign_129,1,0.440004,0.282054,0.007632
benign_benign_13,1,0.380223,0.234738,0.101532
benign_benign_130,1,0.293863,0.172239,0.017483
benign_benign_131,1,0.690664,0.527492,0.103327
benign_benign_132,1,0.237035,0.134453,0.008502
benign_benign_133,1,0.906486,0.828966,0.003914
benign_benign_134,1,0.166138,0.090595,0.004135
benign_benign_135,1,0.333919,0.200422,0.013849
benign_benign_136,1,0.463996,0.302080,0.023626
benign_benign_137,1,0.322303,0.192110,0.010125
benign_benign_138,1,0.465863,0.303665,0.005219
benign_benign_139,1,0.286963,0.167517,0.012756
benign_benign_14,1,0.576728,0.405212,0.008602
benign_benign_140,1,0.450343,0.290608,0.103012
benign_benign_141,1,0.716291,0.557986,0.230877
benign_benign_142,1,0.362716,0.221535,0.007838
benign_benign_143,1,0.458296,0.297266,0.004638
benign_benign_144,1,0.277494,0.161099,0.003865
benign_benign_145,1,0.551955,0.381173,0.014693
benign_benign_146,1,0.467564,0.305112,0.008703
benign_benign_147,2,0.481227,0.316853,0.010080
benign_benign_148,1,0.259439,0.149055,0.007166
benign_benign_149,1,0.295509,0.173371,0.011698
benign_benign_15,1,0.237351,0.134656,0.004565
benign_benign_150,1,0.507903,0.340395,0.003577
benign_benign_151,1,0.397768,0.248259,0.003950
benign_benign_152,1,0.365375,0.223522,0.143712
benign_benign_153,1,0.466733,0.304404,0.006828
benign_benign_154,1,0.161303,0.087727,0.005834
benign_benign_155,1,0.275686,0.159881,0.154866
benign_benign_156,2,0.275298,0.159621,0.013450
benign_benign_157,1,0.301255,0.177340,0.013443
benign_benign_158,1,0.252813,0.144697,0.072602
benign_benign_159,1,0.439617,0.281737,0.006682
benign_benign_16,1,0.467826,0.305335,0.005048
benign_benign_160,1,0.424619,0.269534,0.006379
benign_benign_161,1,0.469462,0.306730,0.006643
benign_benign_162,1,0.475138,0.311594,0.004328
benign_benign_163,2,0.328424,0.196476,0.010867
benign_benign_164,1,0.618900,0.448121,0.062001
benign_benign_165,1,0.344511,0.208102,0.004632
benign_benign_166,1,0.239958,0.136336,0.005616
benign_benign_167,1,0.470588,0.307692,0.005267
benign_benign_168,1,0.376059,0.231572,0.018067
benign_benign_169,1,0.396825,0.247525,0.004344
benign_benign_17,1,0.346159,0.209306,0.007613
benign_benign_170,1,0.267489,0.154394,0.011789
benign_benign_171,1,0.250959,0.143484,0.003343
benign_benign_172,1,0.456374,0.295650,0.009429
benign_benign_173,2,0.208622,0.116459,0.044017
benign_benign_174,1,0.441093,0.282950,0.046196
benign_benign_175,1,0.438110,0.280500,0.051220
benign_benign_176,1,0.293894,0.172260,0.007610
benign_benign_177,1,0.390550,0.242660,0.005777
benign_benign_178,1,0.515386,0.347152,0.061746
benign_benign_179,1,0.532247,0.362627,0.004103
benign_benign_18,2,0.251803,0.144036,0.122140
benign_benign_180,1,0.910554,0.835796,0.015768
benign_benign_181,1,0.280238,0.162952,0.048024
benign_benign_182,1,0.553876,0.383007,0.006795
benign_benign_183,2,0.479320,0.315201,0.008108
benign_benign_184,1,0.473785,0.310432,0.039649
benign_benign_185,1,0.569995,0.398596,0.006992
benign_benign_186,1,0.436271,0.278994,0.059832
benign_benign_187,1,0.697422,0.535417,0.009748
benign_benign_188,1,0.276528,0.160448,0.128246
benign_benign_189,1,0.425107,0.269928,0.005510
benign_benign_19,1,0.490141,0.324627,0.005389
benign_benign_190,1,0.095791,0.050305,0.046156
benign_benign_191,1,0.510104,0.342376,0.006901
benign_benign_192,1,0.500801,0.334046,0.012308
benign_benign_193,1,0.251630,0.143922,0.005700
benign_benign_194,1,0.528226,0.358904,0.013148
benign_benign_195,2,0.265185,0.152861,0.186417
benign_benign_196,1,0.232475,0.131526,0.031092
benign_benign_197,1,0.557465,0.386448,0.007875
benign_benign_198,1,0.336538,0.202312,0.091815
benign_benign_199,1,0.608644,0.437447,0.063436
benign_benign_2,1,0.342446,0.206597,0.014776
benign_benign_20,1,0.480551,0.316267,0.012990
benign_benign_200,1,0.535957,0.366080,0.052276
benign_benign_201,1,0.168891,0.092234,0.013877
benign_benign_202,1,0.521883,0.353073,0.005009
benign_benign_203,1,0.635659,0.465909,0.032658
benign_benign_204,1,0.478384,0.314392,0.018041
benign_benign_205,1,0.674455,0.508814,0.072818
benign_benign_206,1,0.401162,0.250909,0.023173
benign_benign_207,1,0.514506,0.346353,0.045642
benign_benign_208,1,0.416752,0.263226,0.006493
benign_benign_209,1,0.526778,0.357569,0.010477
benign_benign_21,1,0.237072,0.134477,0.005166
benign_benign_210,1,0.743867,0.592188,0.033049
benign_benign_211,1,0.557862,0.386830,0.008037
benign_benign_212,1,0.757423,0.609558,0.031628
benign_benign_213,1,0.389082,0.241528,0.012289
benign_benign_214,1,0.594466,0.422947,0.016625
benign_benign_215,1,0.532116,0.362506,0.008118
benign_benign_216,1,0.706301,0.545955,0.020135
benign_benign_217,1,0.532833,0.363172,0.025159
benign_benign_218,1,0.469274,0.306570,0.038385
benign_benign_219,1,0.127358,0.068010,0.008658
benign_benign_22,1,0.533133,0.363451,0.023829
benign_benign_220,1,0.307562,0.181727,0.014282
benign_benign_221,1,0.129479,0.069221,0.005378
benign_benign_222,1,0.424368,0.269332,0.012293
benign_benign_223,1,0.532505,0.362866,0.010637
benign_benign_224,1,0.528652,0.359298,0.044395
benign_benign_225,1,0.503378,0.336343,0.014681
benign_benign_226,1,0.153401,0.083072,0.012359
benign_benign_227,1,0.349627,0.211847,0.010194
benign_benign_228,1,0.556758,0.385769,0.041579
benign_benign_229,1,0.573854,0.402381,0.023173
benign_benign_23,1,0.477796,0.313884,0.031467
benign_benign_230,1,0.206324,0.115028,0.014047
benign_benign_231,1,0.472460,0.309295,0.019699
benign_benign_232,1,0.650757,0.482312,0.039868
benign_benign_233,1,0.682084,0.517547,0.080667
benign_benign_234,1,0.551164,0.380418,0.042231
benign_benign_235,1,0.520138,0.351477,0.060081
benign_benign_236,1,0.564347,0.393094,0.108052
benign_benign_237,1,0.546580,0.376064,0.038596
benign_benign_238,1,0.503720,0.336648,0.034451
benign_benign_239,1,0.611238,0.440131,0.008665
benign_benign_24,1,0.499826,0.333178,0.008442
benign_benign_240,2,0.442398,0.284025,0.050067
benign_benign_241,1,0.349359,0.211651,0.019694
benign_benign_242,1,0.504413,0.337268,0.029494
benign_benign_243,1,0.593069,0.421534,0.036618
benign_benign_244,1,0.338227,0.203534,0.009125
benign_benign_245,1,0.525829,0.356695,0.010066
benign_benign_246,1,0.117576,0.062460,0.004060
benign_benign_247,1,0.140461,0.075535,0.006199
benign_benign_248,1,0.455312,0.294760,0.005200
benign_benign_249,1,0.478727,0.314689,0.010769
benign_benign_25,2,0.363159,0.221865,0.009106
benign_benign_250,1,0.315922,0.187594,0.006123
benign_benign_251,1,0.353926,0.215012,0.004974
benign_benign_252,1,0.196608,0.109021,0.008264
benign_benign_253,1,0.388402,0.241004,0.005978
benign_benign_254,1,0.126860,0.067726,0.002645
benign_benign_255,1,0.508207,0.340669,0.023021
benign_benign_256,1,0.572681,0.401228,0.020672
benign_benign_257,1,0.527251,0.358005,0.007906
benign_benign_258,1,0.557662,0.386638,0.007125
benign_benign_259,1,0.569735,0.398342,0.011899
benign_benign_26,1,0.076883,0.039978,0.028570
benign_benign_260,1,0.591705,0.420157,0.010552
benign_benign_261,1,0.530678,0.361172,0.029669
benign_benign_262,1,0.663005,0.495892,0.046244
benign_benign_263,1,0.347007,0.209926,0.010398
benign_benign_264,1,0.479621,0.315461,0.024167
benign_benign_265,1,0.586502,0.414929,0.014340
benign_benign_266,1,0.386738,0.239725,0.011201
benign_benign_267,1,0.445139,0.286289,0.009149
benign_benign_268,2,0.523435,0.354495,0.018440
benign_benign_269,1,0.429044,0.273110,0.012269
benign_benign_27,1,0.523503,0.354557,0.010062
benign_benign_270,1,0.508618,0.341038,0.006382
benign_benign_271,1,0.367823,0.225357,0.010133
benign_benign_272,1,0.252196,0.144293,0.018937
benign_benign_273,1,0.622112,0.451496,0.031852
benign_benign_274,1,0.578493,0.406957,0.052554
benign_benign_275,1,0.501642,0.334794,0.011475
benign_benign_276,1,0.657734,0.490018,0.037509
benign_benign_277,1,0.501929,0.335050,0.034211
benign_benign_278,1,0.342346,0.206525,0.014037
benign_benign_279,1,0.408560,0.256723,0.016646
benign_benign_28,1,0.407446,0.255844,0.023094
benign_benign_280,1,0.572768,0.401314,0.029459
benign_benign_281,1,0.559949,0.388839,0.014615
benign_benign_282,1,0.461776,0.300201,0.016353
benign_benign_283,1,0.417010,0.263432,0.006589
benign_benign_284,1,0.513278,0.345241,0.032328
benign_benign_285,1,0.529171,0.359778,0.029238
benign_benign_286,1,0.548147,0.377550,0.049525
benign_benign_287,1,0.664685,0.497774,0.027580
benign_benign_288,1,0.639920,0.470502,0.009378
benign_benign_289,1,0.581174,0.409617,0.021772
benign_benign_29,1,0.470186,0.307348,0.004123
benign_benign_290,1,0.541185,0.370976,0.033992
benign_benign_291,1,0.392697,0.244321,0.005365
benign_benign_292,1,0.241673,0.137445,0.009615
benign_benign_293,1,0.344916,0.208398,0.009833
benign_benign_294,1,0.493419,0.327509,0.020756
benign_benign_295,1,0.430076,0.273947,0.013190
benign_benign_296,1,0.479198,0.315096,0.027563
benign_benign_297,1,0.471738,0.308676,0.008490
benign_benign_298,1,0.658820,0.491224,0.010930
benign_benign_299,1,0.671430,0.505378,0.017083
benign_benign_3,1,0.391571,0.243450,0.011322
benign_benign_30,1,0.364583,0.222930,0.005914
benign_benign_300,1,0.558951,0.387878,0.023214
benign_benign_301,1,0.497455,0.331075,0.004030
benign_benign_302,1,0.269992,0.156064,0.005576
benign_benign_303,1,0.344207,0.207880,0.013125
benign_benign_304,1,0.517493,0.349066,0.025910
benign_benign_305,1,0.353499,0.214697,0.007651
benign_benign_306,1,0.628568,0.458330,0.016161
benign_benign_307,1,0.380901,0.235255,0.024437
benign_benign_308,1,0.434797,0.277790,0.009381
benign_benign_309,1,0.381185,0.235472,0.088896
benign_benign_31,1,0.338282,0.203573,0.004303
benign_benign_310,1,0.468781,0.306149,0.026875
benign_benign_311,1,0.363484,0.222108,0.055702
benign_benign_312,1,0.572426,0.400978,0.054841
benign_benign_313,1,0.451394,0.291484,0.008140
benign_benign_314,1,0.385634,0.238876,0.039355
benign_benign_315,2,0.381969,0.236070,0.012729
benign_benign_316,1,0.571296,0.399870,0.119289
benign_benign_317,1,0.247365,0.141139,0.039067
benign_benign_318,1,0.188006,0.103757,0.003746
benign_benign_319,1,0.413091,0.260312,0.014841
benign_benign_32,1,0.484066,0.319319,0.065054
benign_benign_320,1,0.459631,0.298390,0.011742
benign_benign_321,1,0.579200,0.407658,0.003686
benign_benign_322,1,0.394245,0.245520,0.006609
benign_benign_323,1,0.604446,0.433122,0.010461
benign_benign_324,1,0.519031,0.350467,0.005620
benign_benign_325,1,0.549719,0.379043,0.004558
benign_benign_326,1,0.078732,0.040979,0.044645
benign_benign_327,1,0.063557,0.032822,0.037088
benign_benign_328,1,0.294544,0.172707,0.005508
benign_benign_329,1,0.536845,0.366909,0.005541
benign_benign_33,1,0.338091,0.203435,0.016431
benign_benign_330,1,0.378162,0.233169,0.098837
benign_benign_331,1,0.589896,0.418335,0.011579
benign_benign_332,1,0.229835,0.129838,0.006303
benign_benign_333,1,0.644059,0.474991,0.068050
benign_benign_334,1,0.331290,0.198530,0.008787
benign_benign_335,1,0.338974,0.204075,0.036041
benign_benign_336,1,0.398206,0.248600,0.030627
benign_benign_337,1,0.499777,0.333135,0.009824
benign_benign_338,1,0.394794,0.245946,0.005107
benign_benign_339,1,0.532522,0.362882,0.045739
benign_benign_34,1,0.357710,0.217812,0.025424
benign_benign_340,1,0.467332,0.304914,0.140784
benign_benign_341,1,0.574881,0.403392,0.070599
benign_benign_342,1,0.589996,0.418436,0.081642
benign_benign_343,1,0.847664,0.735604,0.029380
benign_benign_344,2,0.581203,0.409645,0.015711
benign_benign_345,1,0.391974,0.243761,0.004989
benign_benign_346,2,0.272465,0.157719,0.054649
benign_benign_347,1,0.543535,0.373188,0.011138
benign_benign_348,1,0.411261,0.258860,0.012114
benign_benign_349,1,0.332202,0.199186,0.006774
benign_benign_35,2,0.360609,0.219965,0.006312
benign_benign_350,1,0.469870,0.307078,0.078670
benign_benign_351,1,0.563034,0.391821,0.009919
benign_benign_352,1,0.445921,0.286936,0.006287
benign_benign_353,1,0.235001,0.133145,0.008167
benign_benign_354,1,0.470495,0.307612,0.048715
benign_benign_355,1,0.597776,0.426306,0.068661
benign_benign_356,1,0.657347,0.489589,0.062948
benign_benign_357,1,0.284964,0.166157,0.013471
benign_benign_358,1,0.411606,0.259134,0.015038
benign_benign_359,1,0.652504,0.484234,0.007070
benign_benign_36,1,0.518186,0.349697,0.037112
benign_benign_360,1,0.625806,0.455399,0.026165
benign_benign_361,1,0.278136,0.161532,0.030949
benign_benign_362,1,0.334227,0.200644,0.006605
benign_benign_363,1,0.487757,0.322539,0.007598
benign_benign_364,1,0.409806,0.257708,0.019540
benign_benign_365,1,0.478229,0.314258,0.011758
benign_benign_366,1,0.458355,0.297315,0.026213
benign_benign_367,1,0.479744,0.315567,0.042304
benign_benign_368,1,0.405471,0.254289,0.011886
benign_benign_369,1,0.496035,0.329818,0.009431
benign_benign_37,1,0.280556,0.163167,0.006390
benign_benign_370,1,0.466274,0.304014,0.060945
benign_benign_371,1,0.465817,0.303626,0.151710
benign_benign_372,1,0.442989,0.284512,0.033463
benign_benign_373,1,0.532153,0.362539,0.013384
benign_benign_374,1,0.419121,0.265119,0.003981
benign_benign_375,1,0.464485,0.302495,0.056038
benign_benign_376,1,0.529885,0.360438,0.100487
benign_benign_377,1,0.300438,0.176774,0.015609
benign_benign_378,1,0.434626,0.277650,0.010172
benign_benign_379,1,0.184172,0.101426,0.027388
benign_benign_38,1,0.236898,0.134364,0.007043
benign_benign_380,1,0.209196,0.116817,0.010663
benign_benign_381,1,0.632642,0.462675,0.037540
benign_benign_382,1,0.577990,0.406460,0.081440
benign_benign_383,1,0.433820,0.276992,0.023283
benign_benign_384,1,0.436528,0.279204,0.047265
benign_benign_385,1,0.456760,0.295974,0.013830
benign_benign_386,1,0.480018,0.315805,0.040068
benign_benign_387,1,0.365600,0.223691,0.033273
benign_benign_388,1,0.383493,0.237235,0.011876
benign_benign_389,1,0.217501,0.122020,0.021211
benign_benign_39,1,0.290971,0.170255,0.009678
benign_benign_390,1,0.142428,0.076675,0.013438
benign_benign_391,1,0.305695,0.180425,0.081743
benign_benign_392,1,0.498276,0.331803,0.139636
benign_benign_393,1,0.315351,0.187191,0.238301
benign_benign_394,1,0.409255,0.257273,0.015423
benign_benign_395,1,0.473859,0.310495,0.058817
benign_benign_396,1,0.418008,0.264229,0.007053
benign_benign_397,1,0.228563,0.129027,0.049147
benign_benign_398,1,0.345757,0.209012,0.084480
benign_benign_399,1,0.194592,0.107783,0.052389
benign_benign_4,2,0.392650,0.244284,0.009128
benign_benign_40,1,0.424946,0.269798,0.014619
benign_benign_400,1,0.495715,0.329536,0.316722
benign_benign_401,1,0.528195,0.358876,0.047128
benign_benign_402,1,0.307810,0.181900,0.024188
benign_benign_403,1,0.152091,0.082305,0.056382
benign_benign_404,1,0.593408,0.421877,0.505509
benign_benign_405,1,0.460421,0.299057,0.103230
benign_benign_406,1,0.373851,0.229900,0.056967
benign_benign_407,1,0.395217,0.246274,0.188496
benign_benign_408,1,0.321335,0.191423,0.034166
benign_benign_409,1,0.194566,0.107767,0.170032
benign_benign_41,1,0.482614,0.318056,0.041040
benign_benign_410,1,0.151883,0.082183,0.047174
benign_benign_411,1,0.491250,0.325601,0.055597
benign_benign_412,1,0.528239,0.358916,0.407090
benign_benign_413,1,0.432818,0.276176,0.004965
benign_benign_414,1,0.775707,0.633596,0.311436
benign_benign_415,1,0.638729,0.469215,0.591826
benign_benign_416,1,0.605182,0.433879,0.024562
benign_benign_417,1,0.151885,0.082184,0.009989
benign_benign_418,1,0.431080,0.274763,0.010070
benign_benign_419,1,0.304620,0.179677,0.019694
benign_benign_42,1,0.354174,0.215195,0.026282
benign_benign_420,1,0.499961,0.333299,0.116134
benign_benign_421,1,0.580807,0.409251,0.058689
benign_benign_422,1,0.596221,0.424726,0.078271
benign_benign_423,1,0.473852,0.310488,0.028380
benign_benign_424,2,0.387893,0.240613,0.013943
benign_benign_425,1,0.469797,0.307016,0.008138
benign_benign_426,1,0.596093,0.424596,0.116570
benign_benign_427,1,0.647130,0.478338,0.011140
benign_benign_428,1,0.465259,0.303151,0.026867
benign_benign_429,1,0.523763,0.354796,0.008009
benign_benign_43,1,0.541851,0.371602,0.005784
benign_benign_430,1,0.468413,0.305835,0.030292
benign_benign_431,1,0.205798,0.114701,0.008323
benign_benign_432,1,0.410883,0.258561,0.024588
benign_benign_433,1,0.466212,0.303961,0.006182
benign_benign_434,1,0.371263,0.227946,0.075317
benign_benign_435,1,0.503854,0.336768,0.007525
benign_benign_436,1,0.612187,0.441117,0.033644
benign_benign_437,1,0.466689,0.304367,0.005058
benign_benign_44,1,0.367816,0.225352,0.009934
benign_benign_45,1,0.064476,0.033312,0.024541
benign_benign_46,1,0.267682,0.154522,0.005941
benign_benign_47,1,0.504762,0.337580,0.005398
benign_benign_48,1,0.420842,0.266498,0.067694
benign_benign_49,1,0.191316,0.105776,0.342357
benign_benign_5,1,0.333471,0.200099,0.006251
benign_benign_50,1,0.272954,0.158047,0.023665
benign_benign_51,1,0.346844,0.209807,0.003903
benign_benign_52,1,0.174883,0.095820,0.004225
benign_benign_53,1,0.415461,0.262197,0.007797
benign_benign_54,3,0.385526,0.238794,0.039701
benign_benign_55,1,0.463059,0.301286,0.011895
benign_benign_56,1,0.314796,0.186800,0.055523
benign_benign_57,1,0.444720,0.285942,0.006854
benign_benign_58,1,0.507697,0.340211,0.026488
benign_benign_59,1,0.276419,0.160375,0.028596
benign_benign_6,1,0.563242,0.392023,0.010837
benign_benign_60,1,0.514810,0.346629,0.005389
benign_benign_61,1,0.630550,0.460440,0.027981
benign_benign_62,2,0.457376,0.296492,0.095928
benign_benign_63,1,0.304846,0.179834,0.007486
benign_benign_64,1,0.708527,0.548619,0.222886
benign_benign_65,1,0.251436,0.143796,0.013052
benign_benign_66,1,0.372654,0.228995,0.010387
benign_benign_67,1,0.491868,0.326144,0.075955
benign_benign_68,1,0.147288,0.079498,0.168126
benign_benign_69,1,0.534717,0.364924,0.008918
benign_benign_7,1,0.467993,0.305477,0.005731
benign_benign_70,1,0.252763,0.144664,0.007335
benign_benign_71,1,0.533967,0.364226,0.005594
benign_benign_72,1,0.157480,0.085470,0.027517
benign_benign_73,1,0.903284,0.823625,0.111250
benign_benign_74,1,0.349345,0.211640,0.005256
benign_benign_75,1,0.423826,0.268895,0.024754
benign_benign_76,1,0.412676,0.259982,0.012901
benign_benign_77,1,0.263221,0.151557,0.009483
benign_benign_78,1,0.550907,0.380174,0.009370
benign_benign_79,1,0.420040,0.265855,0.022520
benign_benign_8,1,0.431752,0.275308,0.006776
benign_benign_80,1,0.335851,0.201815,0.135773
benign_benign_81,1,0.517595,0.349159,0.008406
benign_benign_82,1,0.478004,0.314064,0.025676
benign_benign_83,2,0.246735,0.140729,0.010871
benign_benign_84,1,0.311825,0.184711,0.103240
benign_benign_85,1,0.692903,0.530108,0.040009
benign_benign_86,1,0.515930,0.347645,0.006744
benign_benign_87,1,0.189355,0.104579,0.014706
benign_benign_88,2,0.492109,0.326355,0.059671
benign_benign_89,1,0.432464,0.275887,0.012304
benign_benign_9,1,0.040439,0.020637,0.051691
benign_benign_90,1,0.348354,0.210913,0.006205
benign_benign_91,1,0.332457,0.199370,0.006445
benign_benign_92,2,0.459524,0.298300,0.052379
benign_benign_93,2,0.369607,0.226698,0.017316
benign_benign_94,1,0.684957,0.520862,0.012757
benign_benign_95,1,0.375049,0.230806,0.005800
benign_benign_96,1,0.298029,0.175108,0.110390
benign_benign_97,1,0.575191,0.403697,0.081525
benign_benign_98,4,0.377412,0.232599,0.270491
benign_benign_99,1,0.264458,0.152378,0.012938
malignant_malignant_1,3,0.389110,0.241550,0.156100
malignant_malignant_10,1,0.391141,0.243117,0.009870
malignant_malignant_100,1,0.456066,0.295392,0.030697
malignant_malignant_101,1,0.363386,0.222036,0.175989
malignant_malignant_102,1,0.303366,0.178804,0.209835
malignant_malignant_103,1,0.509029,0.341408,0.132535
malignant_malignant_104,1,0.374083,0.230075,0.124112
malignant_malignant_105,1,0.320299,0.190688,0.010793
malignant_malignant_106,1,0.765341,0.619881,0.045676
malignant_malignant_107,1,0.497678,0.331273,0.084490
malignant_malignant_108,1,0.687308,0.523587,0.083818
malignant_malignant_109,1,0.188691,0.104174,0.034593
malignant_malignant_11,1,0.223548,0.125839,0.025870
malignant_malignant_110,1,0.509397,0.341739,0.012402
malignant_malignant_111,2,0.612121,0.441047,0.070864
malignant_malignant_112,1,0.449485,0.289894,0.008388
malignant_malignant_113,1,0.376265,0.231728,0.035052
malignant_malignant_114,1,0.416459,0.262992,0.061267
malignant_malignant_115,1,0.334125,0.200571,0.061866
malignant_malignant_116,1,0.675247,0.509715,0.028218
malignant_malignant_117,1,0.293494,0.171985,0.055037
malignant_malignant_118,1,0.501358,0.334541,0.048392
malignant_malignant_119,1,0.517336,0.348924,0.073648
malignant_malignant_12,1,0.455482,0.294903,0.008391
malignant_malignant_120,1,0.572534,0.401084,0.081885
malignant_malignant_121,1,0.274672,0.159200,0.007856
malignant_malignant_122,1,0.540978,0.370782,0.090495
malignant_malignant_123,1,0.448454,0.289037,0.063437
malignant_malignant_124,1,0.577524,0.405999,0.100584
malignant_malignant_125,1,0.515503,0.347258,0.019754
malignant_malignant_126,1,0.430583,0.274358,0.033188
malignant_malignant_127,1,0.499972,0.333309,0.191936
malignant_malignant_128,1,0.539034,0.368957,0.274844
malignant_malignant_129,1,0.557759,0.386731,0.237252
malignant_malignant_13,1,0.205982,0.114816,0.025725
malignant_malignant_130,1,0.611369,0.440267,0.049795
malignant_malignant_131,1,0.504792,0.337606,0.022433
malignant_malignant_132,1,0.392744,0.244357,0.183853
malignant_malignant_133,1,0.416290,0.262857,0.224949
malignant_malignant_134,1,0.482543,0.317995,0.037086
malignant_malignant_135,1,0.399837,0.249872,0.074943
malignant_malignant_136,1,0.157088,0.085239,0.011929
malignant_malignant_137,1,0.464542,0.302543,0.072473
malignant_malignant_138,1,0.516962,0.348583,0.055422
malignant_malignant_139,1,0.514272,0.346141,0.060707
malignant_malignant_14,1,0.374566,0.230440,0.044094
malignant_malignant_140,1,0.239153,0.135817,0.057975
malignant_malignant_141,1,0.401674,0.251309,0.028180
malignant_malignant_142,1,0.383555,0.237283,0.238011
malignant_malignant_143,1,0.794980,0.659724,0.023120
malignant_malignant_144,1,0.339215,0.204250,0.136355
malignant_malignant_145,1,0.458075,0.297080,0.007959
malignant_malignant_146,1,0.460033,0.298730,0.078064
malignant_malignant_147,1,0.191840,0.106097,0.029901
malignant_malignant_148,1,0.443654,0.285061,0.006409
malignant_malignant_149,1,0.420719,0.266399,0.051177
malignant_malignant_15,1,0.571438,0.400009,0.057645
malignant_malignant_150,1,0.345167,0.208581,0.207495
malignant_malignant_151,1,0.586908,0.415336,0.105705
malignant_malignant_152,1,0.547300,0.376747,0.370499
malignant_malignant_153,1,0.222614,0.125248,0.465618
malignant_malignant_154,1,0.275460,0.159730,0.130744
malignant_malignant_155,1,0.371764,0.228323,0.066363
malignant_malignant_156,1,0.504346,0.337208,0.166758
malignant_malignant_157,1,0.479441,0.315306,0.009240
malignant_malignant_158,1,0.619193,0.448429,0.055708
malignant_malignant_159,1,0.518919,0.350365,0.104221
malignant_malignant_16,1,0.325958,0.194713,0.097463
malignant_malignant_160,1,0.499438,0.332834,0.193965
malignant_malignant_161,1,0.455027,0.294521,0.237647
malignant_malignant_162,1,0.297919,0.175032,0.378392
malignant_malignant_163,1,0.538005,0.367994,0.329511
malignant_malignant_164,1,0.591222,0.419670,0.286119
malignant_malignant_165,1,0.269320,0.155615,0.206156
malignant_malignant_166,1,0.474963,0.311444,0.017506
malignant_malignant_167,1,0.370650,0.227484,0.124064
malignant_malignant_168,1,0.459220,0.298044,0.142605
malignant_malignant_169,1,0.255950,0.146756,0.004929
malignant_malignant_17,1,0.494765,0.328696,0.074180
malignant_malignant_170,1,0.276079,0.160146,0.178733
malignant_malignant_171,1,0.390633,0.242725,0.073488
malignant_malignant_172,1,0.351619,0.213311,0.035220
malignant_malignant_173,1,0.139714,0.075103,0.018433
malignant_malignant_174,1,0.547112,0.376568,0.074660
malignant_malignant_175,1,0.355753,0.216362,0.125947
malignant_malignant_176,1,0.376891,0.232203,0.099960
malignant_malignant_177,1,0.505298,0.338060,0.034860
malignant_malignant_178,1,0.550263,0.379561,0.053181
malignant_malignant_179,1,0.387243,0.240112,0.064106
malignant_malignant_18,1,0.434191,0.277295,0.036358
malignant_malignant_180,1,0.426097,0.270727,0.038689
malignant_malignant_181,1,0.679387,0.514449,0.018351
malignant_malignant_182,1,0.406358,0.254987,0.230344
malignant_malignant_183,1,0.412803,0.260083,0.142774
malignant_malignant_184,1,0.263129,0.151496,0.095839
malignant_malignant_185,1,0.396472,0.247250,0.144404
malignant_malignant_186,1,0.450171,0.290465,0.268399
malignant_malignant_187,1,0.563786,0.392550,0.096889
malignant_malignant_188,1,0.314618,0.186675,0.133948
malignant_malignant_189,1,0.330651,0.198072,0.005556
malignant_malignant_19,3,0.419560,0.265471,0.139659
malignant_malignant_190,1,0.153701,0.083248,0.043647
malignant_malignant_191,1,0.415362,0.262118,0.024587
malignant_malignant_192,1,0.306386,0.180907,0.010091
malignant_malignant_193,1,0.367109,0.224822,0.028732
malignant_malignant_194,1,0.311586,0.184543,0.158774
malignant_malignant_195,1,0.406043,0.254739,0.122963
malignant_malignant_196,1,0.373230,0.229430,0.061572
malignant_malignant_197,1,0.485428,0.320505,0.059884
malignant_malignant_198,2,0.749013,0.598738,0.100678
malignant_malignant_199,1,0.396461,0.247241,0.033396
malignant_malignant_2,1,0.345291,0.208672,0.248432
malignant_malignant_20,1,0.430368,0.274184,0.116655
malignant_malignant_200,1,0.142942,0.076972,0.031683
malignant_malignant_201,1,0.316968,0.188331,0.139828
malignant_malignant_202,1,0.361083,0.220318,0.091892
malignant_malignant_203,1,0.498111,0.331656,0.126856
malignant_malignant_204,1,0.470907,0.307965,0.105027
malignant_malignant_205,1,0.397325,0.247913,0.206106
malignant_malignant_206,1,0.485998,0.321002,0.328310
malignant_malignant_207,1,0.474918,0.311405,0.046515
malignant_malignant_208,1,0.291901,0.170892,0.370943
malignant_malignant_209,1,0.428068,0.272320,0.009238
malignant_malignant_21,1,0.140783,0.075722,0.086208
malignant_malignant_210,2,0.310321,0.183657,0.238389
malignant_malignant_22,1,0.318732,0.189578,0.150858
malignant_malignant_23,1,0.384022,0.237641,0.249812
malignant_malignant_24,1,0.369865,0.226892,0.265472
malignant_malignant_25,1,0.349759,0.211944,0.291408
malignant_malignant_26,1,0.319038,0.189795,0.021865
malignant_malignant_27,1,0.470158,0.307325,0.013446
malignant_malignant_28,2,0.457050,0.296219,0.018271
malignant_malignant_29,1,0.370518,0.227384,0.170442
malignant_malignant_3,1,0.415375,0.262129,0.034026
malignant_malignant_30,1,0.367846,0.225375,0.239058
malignant_malignant_31,1,0.256041,0.146816,0.450695
malignant_malignant_32,1,0.507599,0.340122,0.123959
malignant_malignant_33,1,0.425623,0.270344,0.186924
malignant_malignant_34,1,0.251800,0.144034,0.038078
malignant_malignant_35,1,0.474868,0.311362,0.082982
malignant_malignant_36,1,0.529993,0.360538,0.064395
malignant_malignant_37,1,0.721683,0.564557,0.151133
malignant_malignant_38,1,0.329467,0.197223,0.041934
malignant_malignant_39,1,0.343508,0.207371,0.067771
malignant_malignant_4,1,0.391708,0.243555,0.029255
malignant_malignant_40,1,0.366251,0.224178,0.065063
malignant_malignant_41,1,0.583558,0.411988,0.056205
malignant_malignant_42,1,0.410569,0.258312,0.058475
malignant_malignant_43,1,0.880146,0.785947,0.176899
malignant_malignant_44,1,0.322508,0.192256,0.024003
malignant_malignant_45,1,0.481954,0.317483,0.156237
malignant_malignant_46,1,0.350317,0.212354,0.054260
malignant_malignant_47,1,0.305433,0.180242,0.083066
malignant_malignant_48,1,0.286105,0.166933,0.021605
malignant_malignant_49,1,0.434836,0.277821,0.045479
malignant_malignant_5,1,0.348118,0.210740,0.028409
malignant_malignant_50,1,0.583377,0.411808,0.064119
malignant_malignant_51,1,0.309447,0.183045,0.049886
malignant_malignant_52,1,0.479802,0.315618,0.089541
malignant_malignant_53,3,0.230773,0.130437,0.034430
malignant_malignant_54,1,0.252821,0.144703,0.107335
malignant_malignant_55,1,0.300305,0.176682,0.051445
malignant_malignant_56,1,0.191104,0.105647,0.127749
malignant_malignant_57,1,0.395236,0.246289,0.100681
malignant_malignant_58,1,0.271896,0.157338,0.139226
malignant_malignant_59,1,0.332073,0.199093,0.204474
malignant_malignant_6,1,0.527934,0.358635,0.029011
malignant_malignant_60,1,0.191246,0.105734,0.169406
malignant_malignant_61,1,0.496876,0.330562,0.013240
malignant_malignant_62,1,0.341259,0.205734,0.152536
malignant_malignant_63,1,0.337864,0.203271,0.246065
malignant_malignant_64,1,0.504499,0.337344,0.048053
malignant_malignant_65,1,0.373129,0.229354,0.047118
malignant_malignant_66,1,0.411208,0.258818,0.048550
malignant_malignant_67,1,0.327709,0.195964,0.061170
malignant_malignant_68,2,0.540402,0.370240,0.118687
malignant_malignant_69,1,0.320726,0.190991,0.057779
malignant_malignant_7,1,0.416447,0.262983,0.018164
malignant_malignant_70,1,0.381087,0.235397,0.041191
malignant_malignant_71,1,0.429654,0.273605,0.154229
malignant_malignant_72,1,0.265310,0.152944,0.256371
malignant_malignant_73,2,0.273719,0.158560,0.017022
malignant_malignant_74,1,0.331722,0.198841,0.020362
malignant_malignant_75,1,0.764866,0.619257,0.062026
malignant_malignant_76,1,0.295307,0.173232,0.228937
malignant_malignant_77,1,0.590509,0.418951,0.077854
malignant_malignant_78,1,0.632245,0.462250,0.096228
malignant_malignant_79,1,0.446313,0.287261,0.104221
malignant_malignant_8,1,0.403424,0.252681,0.026037
malignant_malignant_80,1,0.543311,0.372976,0.058144
malignant_malignant_81,1,0.559012,0.387936,0.055586
malignant_malignant_82,1,0.451741,0.291774,0.062106
malignant_malignant_83,1,0.316508,0.188007,0.047507
malignant_malignant_84,1,0.205313,0.114401,0.093293
malignant_malignant_85,1,0.288035,0.168248,0.159159
malignant_malignant_86,2,0.266976,0.154052,0.248266
malignant_malignant_87,1,0.441579,0.283350,0.048805
malignant_malignant_88,1,0.468290,0.305730,0.068451
malignant_malignant_89,1,0.485490,0.320559,0.294608
malignant_malignant_9,1,0.462109,0.300483,0.022889
malignant_malignant_90,1,0.508894,0.341286,0.110203
malignant_malignant_91,1,0.405683,0.254456,0.111876
malignant_malignant_92,1,0.388837,0.241339,0.058791
malignant_malignant_93,1,0.185583,0.102283,0.060591
malignant_malignant_94,1,0.182911,0.100661,0.130393
malignant_malignant_95,1,0.616861,0.445986,0.104356
malignant_malignant_96,1,0.570517,0.399107,0.108739
malignant_malignant_97,1,0.625589,0.455169,0.100247
malignant_malignant_98,1,0.401147,0.250897,0.038450
malignant_malignant_99,1,0.435270,0.278176,0.036581
